player_name,death_eco_overall,eco_vs_rhb,eco_vs_lhb
CL Cairns,7.33,7.33,7.33
AR Adams,14.5,14.5,14.5
DR Tuffey,15.5,15.5,15.5
MJ Clarke,8.8,8.8,8.8
A Symonds,10.96,10.96,10.96
GD McGrath,10.75,10.75,10.75
B Lee,7.34,7.34,7.34
JN Gillespie,12.46,12.46,12.46
NJ Astle,10.0,10.0,10.0
JS Patel,9.2,9.2,9.2
SE Bond,6.84,6.84,6.84
JA Morkel,8.82,8.82,8.82
CK Langeveldt,8.74,8.74,8.74
J Botha,7.33,7.33,7.33
AJ Hall,8.21,8.21,8.21
JR Hopes,14.75,14.75,14.75
ML Lewis,7.6,7.6,7.6
DR Smith,9.27,9.27,9.27
CH Gayle,7.59,7.59,7.59
GB Hogg,10.54,10.54,10.54
SR Watson,8.14,8.14,8.14
NW Bracken,9.49,9.49,9.49
JJ van der Wath,8.43,8.43,8.43
R Telemachus,11.08,11.08,11.08
M Ntini,10.8,10.8,10.8
LE Plunkett,7.86,7.86,7.86
SI Mahmood,6.0,6.0,6.0
ST Jayasuriya,8.0,8.0,8.0
TM Dilshan,7.33,7.33,7.33
SL Malinga,8.16,8.16,8.16
CRD Fernando,9.3,9.3,9.3
Shahid Afridi,8.74,8.74,8.74
Abdul Razzaq,10.22,10.22,10.22
Naved-ul-Hasan,3.69,3.69,3.69
Shoaib Akhtar,11.63,11.63,11.63
D Gough,8.5,8.5,8.5
PD Collingwood,12.24,12.24,12.24
S Sreesanth,12.52,12.52,12.52
Harbhajan Singh,7.77,7.77,7.77
IK Pathan,10.06,10.06,10.06
RJ Peterson,7.32,7.32,7.32
LPC Silva,6.0,6.0,6.0
PDRL Perera,11.0,11.0,11.0
A Flintoff,8.79,8.79,8.79
JM Anderson,8.1,8.1,8.1
CL White,5.5,5.5,5.5
SM Harwood,10.0,10.0,10.0
RJ Sidebottom,7.85,7.85,7.85
SCJ Broad,8.82,8.82,8.82
MN Samuels,9.94,9.94,9.94
DJG Sammy,8.39,8.39,8.39
R Rampaul,10.7,10.7,10.7
DJ Bravo,8.78,8.78,8.78
Mohammad Ashraful,15.2,15.2,15.2
Farhad Reza,10.96,10.96,10.96
Abdur Razzak,7.84,7.84,7.84
Mashrafe Mortaza,10.84,10.84,10.84
PJ Ongondo,11.0,11.0,11.0
TM Odoyo,4.56,4.56,4.56
Iftikhar Anjum,4.33,4.33,4.33
Mohammad Asif,8.57,8.57,8.57
Younis Khan,6.75,6.75,6.75
Mohammad Hafeez,9.11,9.11,9.11
M Morkel,8.45,8.45,8.45
VD Philander,6.48,6.48,6.48
FH Edwards,8.11,8.11,8.11
P Utseya,7.68,7.68,7.68
GB Brent,9.0,9.0,9.0
E Chigumbura,8.13,8.13,8.13
MG Johnson,8.51,8.51,8.51
RM Haq,9.0,9.0,9.0
DR Brown,12.0,12.0,12.0
JD Nel,6.33,6.33,6.33
Yasir Arafat,7.06,7.06,7.06
Umar Gul,7.75,7.75,7.75
Shoaib Malik,4.72,4.72,4.72
DL Vettori,6.39,6.39,6.39
MR Gillespie,7.94,7.94,7.94
Shakib Al Hasan,8.64,8.64,8.64
CJ Chibhabha,10.26,10.26,10.26
SR Clark,5.75,5.75,5.75
AB Agarkar,13.25,13.25,13.25
LN Onyango,16.33,16.33,16.33
NN Odhiambo,9.66,9.66,9.66
JK Kamande,3.75,3.75,3.75
G Wijekoon,8.2,8.2,8.2
JDP Oram,9.59,9.59,9.59
SM Pollock,9.6,9.6,9.6
Yuvraj Singh,8.65,8.65,8.65
RP Singh,4.92,4.92,4.92
Sohail Tanvir,8.48,8.48,8.48
DL Maddy,8.0,8.0,8.0
Joginder Sharma,10.96,10.96,10.96
Mahmudullah,8.7,8.7,8.7
SB Styris,6.44,6.44,6.44
BW Hilfenhaus,4.92,4.92,4.92
DW Steyn,7.34,7.34,7.34
KD Mills,9.73,9.73,9.73
AA Noffke,5.2,5.2,5.2
TG Southee,9.06,9.06,9.06
LJ Wright,8.66,8.66,8.66
JD Ryder,8.33,8.33,8.33
GP Swann,7.6,7.6,7.6
Shahadat Hossain,13.68,13.68,13.68
GD Drummond,9.21,9.21,9.21
IH Romaine,7.8,7.8,7.8
E Schiferli,7.0,7.0,7.0
RN ten Doeschate,7.53,7.53,7.53
Mudassar Bukhari,8.38,8.38,8.38
AC Botha,7.25,7.25,7.25
DT Johnston,8.78,8.78,8.78
WK McCallan,8.8,8.8,8.8
AO Suji,12.46,12.46,12.46
Fawad Alam,7.33,7.33,7.33
KMDN Kulasekara,9.33,9.33,9.33
T Thushara,6.96,6.96,6.96
BAW Mendis,7.45,7.45,7.45
JE Taylor,9.02,9.02,9.02
KA Pollard,9.68,9.68,9.68
SJ Benn,10.55,10.55,10.55
DJ Hussey,8.65,8.65,8.65
SW Tait,6.87,6.87,6.87
WD Parnell,8.35,8.35,8.35
I Sharma,10.9,10.9,10.9
Z Khan,8.59,8.59,8.59
NL McCullum,8.37,8.37,8.37
IG Butler,9.46,9.46,9.46
IE O'Brien,11.5,11.5,11.5
YK Pathan,12.0,12.0,12.0
A Khan,9.19,9.19,9.19
B Laughlin,15.1,15.1,15.1
RE van der Merwe,7.34,7.34,7.34
J Louw,8.77,8.77,8.77
Saeed Ajmal,7.31,7.31,7.31
PW Borren,6.71,6.71,6.71
PM Seelaar,8.84,8.84,8.84
DP Nannes,9.04,9.04,9.04
AU Rashid,8.8,8.8,8.8
Naeem Islam,11.5,11.5,11.5
Rubel Hossain,11.73,11.73,11.73
CS MacLeod,10.33,10.33,10.33
RM West,9.5,9.5,9.5
AR Cusack,8.17,8.17,8.17
WB Rankin,6.52,6.52,6.52
M Muralitharan,8.0,8.0,8.0
I Udana,9.44,9.44,9.44
RA Jadeja,8.11,8.11,8.11
Mohammad Amir,8.0,8.0,8.0
KAJ Roach,8.29,8.29,8.29
AD Mathews,11.34,11.34,11.34
JEC Franklin,8.79,8.79,8.79
R McLaren,8.35,8.35,8.35
TT Bresnan,10.1,10.1,10.1
AB Dinda,6.73,6.73,6.73
A Nehra,9.24,9.24,9.24
M Pushpakumara,11.0,11.0,11.0
SPD Smith,10.92,10.92,10.92
HS Baidwan,8.93,8.93,8.93
HA Varaiya,3.6,3.6,3.6
RD Berrington,7.66,7.66,7.66
KJ Coetzer,5.5,5.5,5.5
GH Dockrell,7.01,7.01,7.01
KJ O'Brien,8.19,8.19,8.19
A Shahzad,13.89,13.89,13.89
RJ Harris,11.25,11.25,11.25
DT Christian,9.79,9.79,9.79
GA Lamb,7.85,7.85,7.85
AG Cremer,5.12,5.12,5.12
SW Masakadza,11.4,11.4,11.4
UWMBCA Welegedara,13.0,13.0,13.0
Shafiul Islam,8.86,8.86,8.86
Mohammad Sami,9.88,9.88,9.88
RK Kleinveldt,10.59,10.59,10.59
PP Chawla,7.4,7.4,7.4
CB Mpofu,10.27,10.27,10.27
RW Price,7.0,7.0,7.0
MH Yardy,6.83,6.83,6.83
NLTC Perera,10.48,10.48,10.48
R Vinay Kumar,9.6,9.6,9.6
AJ McKay,6.0,6.0,6.0
RJ Nicol,7.41,7.41,7.41
R Ashwin,7.46,7.46,7.46
TL Chatara,8.98,8.98,8.98
SNJ O'Keefe,10.33,10.33,10.33
J Theron,7.8,7.8,7.8
LL Tsotsobe,5.35,5.35,5.35
S Randiv,6.0,6.0,6.0
CJ McKay,7.88,7.88,7.88
AF Milne,9.43,9.43,9.43
Wahab Riaz,9.01,9.01,9.01
D Bishoo,7.36,7.36,7.36
AR Nurse,11.75,11.75,11.75
AD Russell,9.76,9.76,9.76
CD Barnwell,12.0,12.0,12.0
P Kumar,7.0,7.0,7.0
MM Patel,6.33,6.33,6.33
RAS Lakmal,11.67,11.67,11.67
CR Woakes,12.53,12.53,12.53
RS Bopara,6.87,6.87,6.87
JW Hastings,10.73,10.73,10.73
BMAJ Mendis,9.6,9.6,9.6
JW Dernbach,9.9,9.9,9.9
KM Jarvis,10.34,10.34,10.34
Sohail Khan,12.72,12.72,12.72
CR Brathwaite,9.77,9.77,9.77
DE Bollinger,8.0,8.0,8.0
PJ Cummins,7.79,7.79,7.79
JP Duminy,8.52,8.52,8.52
DAJ Bracewell,10.26,10.26,10.26
SK Raina,8.88,8.88,8.88
V Kohli,9.23,9.23,9.23
Aizaz Cheema,7.25,7.25,7.25
Alok Kapali,4.15,4.15,4.15
R Sharma,10.7,10.7,10.7
JP Faulkner,9.7,9.7,9.7
XJ Doherty,12.0,12.0,12.0
MR Marsh,6.61,6.61,6.61
RM Hira,8.4,8.4,8.4
MD Bates,16.0,16.0,16.0
M de Lange,9.45,9.45,9.45
MC Sorensen,8.91,8.91,8.91
SO Ngoche,7.78,7.78,7.78
SR Patel,10.0,10.0,10.0
ST Finn,8.6,8.6,8.6
Junaid Khan,8.17,8.17,8.17
JF Mooney,8.83,8.83,8.83
CO Obuya,6.66,6.66,6.66
NM Odhiambo,8.69,8.69,8.69
JO Ngoche,5.0,5.0,5.0
PR Stirling,8.36,8.36,8.36
Junaid Siddiqui,9.36,9.36,9.36
Rizwan Cheema,9.25,9.25,9.25
Ahsan Malik,9.51,9.51,9.51
SM Sharif,9.48,9.48,9.48
AS Hansra,5.29,5.29,5.29
TLW Cooper,7.5,7.5,7.5
SP Narine,6.25,6.25,6.25
SMSM Senanayake,8.3,8.3,8.3
AM Ellis,11.33,11.33,11.33
Abul Hasan,13.5,13.5,13.5
MR Swart,12.2,12.2,12.2
T van der Gugten,8.54,8.54,8.54
RMS Eranga,8.14,8.14,8.14
Raza Hasan,3.67,3.67,3.67
JH Kallis,9.08,9.08,9.08
GJ Maxwell,9.47,9.47,9.47
MA Starc,9.35,9.35,9.35
L Balaji,9.45,9.45,9.45
BV Vitori,9.65,9.65,9.65
A Dananjaya,11.06,11.06,11.06
Ziaur Rahman,11.17,11.17,11.17
P Awana,12.67,12.67,12.67
SC Meaker,16.36,16.36,16.36
CJ Anderson,9.56,9.56,9.56
MJ McClenaghan,7.83,7.83,7.83
JDS Neesham,10.35,10.35,10.35
B Kumar,8.97,8.97,8.97
TA Boult,8.33,8.33,8.33
GD Elliott,10.67,10.67,10.67
BCJ Cutting,15.46,15.46,15.46
JR Hazlewood,9.48,9.48,9.48
TL Best,9.45,9.45,9.45
KJ Abbott,7.79,7.79,7.79
CH Morris,9.38,9.38,9.38
CT Mutombodzi,6.67,6.67,6.67
E Otieno,10.65,10.65,10.65
MS Aulakh,10.71,10.71,10.71
Sohag Gazi,6.92,6.92,6.92
RG Aga,3.38,3.38,3.38
T Panyangara,7.57,7.57,7.57
BA Stokes,8.81,8.81,8.81
Zulfiqar Babar,10.56,10.56,10.56
Mohammad Irfan,9.53,9.53,9.53
Imran Tahir,5.94,5.94,5.94
D Wiese,7.02,7.02,7.02
Anwar Ali,10.1,10.1,10.1
DR Briggs,14.5,14.5,14.5
NM Coulter-Nile,9.78,9.78,9.78
Al-Amin Hossain,8.53,8.53,8.53
Raza-ur-Rehman,5.5,5.5,5.5
JOA Gordon,6.76,6.76,6.76
I Wardlaw,12.0,12.0,12.0
G Goudie,9.0,9.0,9.0
NM Carter,11.5,11.5,11.5
Bilawal Bhatti,9.95,9.95,9.95
AP Devcich,7.0,7.0,7.0
SO Tikolo,3.67,3.67,3.67
RML Taylor,14.67,14.67,14.67
Usman Shinwari,9.0,9.0,9.0
JO Holder,9.34,9.34,9.34
MC Henriques,16.33,16.33,16.33
JM Muirhead,8.5,8.5,8.5
CJ Jordan,9.13,9.13,9.13
TJ Murtagh,7.46,7.46,7.46
K Santokie,6.83,6.83,6.83
Haseeb Amjad,9.17,9.17,9.17
Nadeem Ahmed,5.08,5.08,5.08
Irfan Ahmed,8.67,8.67,8.67
SP Gauchan,7.0,7.0,7.0
JK Mukhiya,7.5,7.5,7.5
SC Williams,7.3,7.3,7.3
LV van Beek,8.7,8.7,8.7
Kamran Shazad,4.5,4.5,4.5
Amjad Javed,9.1,9.1,9.1
Rohan Mustafa,7.34,7.34,7.34
Sagar Pun,6.86,6.86,6.86
Nizakat Khan,6.33,6.33,6.33
A Mishra,7.25,7.25,7.25
Mohammed Shami,10.29,10.29,10.29
Sikandar Raza,6.66,6.66,6.66
KS Williamson,7.0,7.0,7.0
BE Hendricks,9.75,9.75,9.75
HMRKB Herath,4.94,4.94,4.94
Taskin Ahmed,8.76,8.76,8.76
MM Sharma,10.67,10.67,10.67
HF Gurney,8.16,8.16,8.16
SS Cottrell,8.2,8.2,8.2
KW Richardson,7.85,7.85,7.85
SA Abbott,8.66,8.66,8.66
B Regmi,6.61,6.61,6.61
Sompal Kami,9.54,9.54,9.54
P Khadka,7.96,7.96,7.96
MJ Henry,10.12,10.12,10.12
AM Phangiso,8.25,8.25,8.25
Mustafizur Rahman,7.56,7.56,7.56
MRJ Watt,8.48,8.48,8.48
JH Davey,9.45,9.45,9.45
TE Kane,7.38,7.38,7.38
DJ Willey,9.52,9.52,9.52
Karan KC,9.28,9.28,9.28
MP O'Dowd,3.38,3.38,3.38
PA van Meekeren,8.0,8.0,8.0
Nasir Hossain,9.75,9.75,9.75
AC Evans,9.81,9.81,9.81
Mohammad Shahzad,8.05,8.05,8.05
A Vala,7.79,7.79,7.79
N Vanua,8.91,8.91,8.91
WT Gavera,7.89,7.89,7.89
JB Reva,10.62,10.62,10.62
Tanwir Afzal,14.31,14.31,14.31
Aizaz Khan,9.37,9.37,9.37
N Madziva,8.0,8.0,8.0
AR Patel,7.77,7.77,7.77
T Muzarabani,10.11,10.11,10.11
B Fernando,10.0,10.0,10.0
Imad Wasim,6.87,6.87,6.87
GSNFG Jayasuriya,16.0,16.0,16.0
IS Sodhi,9.03,9.03,9.03
K Rabada,9.2,9.2,9.2
RJW Topley,9.39,9.39,9.39
LM Jongwe,8.7,8.7,8.7
Imran Khan (1),10.0,10.0,10.0
PVD Chameera,8.83,8.83,8.83
TS Chisoro,5.0,5.0,5.0
AV Lalcheta,10.5,10.5,10.5
M Ansari,9.05,9.05,9.05
Bilal Khan,7.71,7.71,7.71
Khawar Ali,6.81,6.81,6.81
JDF Vandersay,8.67,8.67,8.67
WP Masakadza,8.31,8.31,8.31
Abu Hider,9.6,9.6,9.6
Anshuman Rath,7.5,7.5,7.5
BTJ Wheal,9.17,9.17,9.17
AJ Tye,9.01,9.01,9.01
SM Boland,6.32,6.32,6.32
JJ Bumrah,7.3,7.3,7.3
Ahmed Raza,6.68,6.68,6.68
Mohammad Naveed,6.0,6.0,6.0
MJG Rippon,6.83,6.83,6.83
MA Leask,7.66,7.66,7.66
CA Soper,9.05,9.05,9.05
S Prasanna,6.19,6.19,6.19
CAK Rajitha,11.07,11.07,11.07
HH Pandya,7.81,7.81,7.81
CA Young,8.74,8.74,8.74
MS Chapman,7.5,7.5,7.5
Zeeshan Maqsood,7.59,7.59,7.59
MM Ali,9.69,9.69,9.69
Arafat Sunny,10.5,10.5,10.5
A Zampa,8.41,8.41,8.41
DT Tiripano,8.97,8.97,8.97
CD de Lange,7.33,7.33,7.33
MW Machan,9.0,9.0,9.0
MJ Santner,7.67,7.67,7.67
S Badree,7.0,7.0,7.0
MD Shanaka,9.12,9.12,9.12
YS Chahal,9.7,9.7,9.7
JD Unadkat,9.04,9.04,9.04
BB Sran,8.14,8.14,8.14
DS Kulkarni,5.54,5.54,5.54
TS Mills,9.77,9.77,9.77
SS Pathirana,7.0,7.0,7.0
J Mulder,8.5,8.5,8.5
J Little,8.49,8.49,8.49
Tanveer Ahmed,8.57,8.57,8.57
Hasan Ali,9.47,9.47,9.47
Rumman Raees,10.38,10.38,10.38
BM Wheeler,9.57,9.57,9.57
LH Ferguson,8.25,8.25,8.25
Soumya Sarkar,10.92,10.92,10.92
Mosaddek Hossain,10.59,10.59,10.59
Mohammad Nadeem,10.41,10.41,10.41
Kaleemullah,9.21,9.21,9.21
Zahoor Khan,7.51,7.51,7.51
Ehsan Khan,6.66,6.66,6.66
CB Sole,10.4,10.4,10.4
DAS Gunaratne,7.5,7.5,7.5
JT Smuts,9.0,9.0,9.0
D Paterson,8.0,8.0,8.0
AL Phehlukwayo,10.5,10.5,10.5
C de Grandhomme,10.75,10.75,10.75
JRMVB Sanjaya,12.0,12.0,12.0
AJ Turner,4.5,4.5,4.5
JA Richardson,8.34,8.34,8.34
KOK Williams,10.07,10.07,10.07
Mohammad Saifuddin,9.85,9.85,9.85
Shadab Khan,7.08,7.08,7.08
A Nao,9.29,9.29,9.29
MA Wood,9.77,9.77,9.77
TK Curran,9.78,9.78,9.78
Kuldeep Yadav,8.59,8.59,8.59
BM Scholtz,7.43,7.43,7.43
JN Frylinck,7.98,7.98,7.98
JJ Smit,7.71,7.71,7.71
T Lungameni,9.49,9.49,9.49
CAJ Meschede,6.0,6.0,6.0
Izatullah Dawlatzai,5.73,5.73,5.73
Ahmed Wardak,5.89,5.89,5.89
LC Le Tissier,5.5,5.5,5.5
ACF Stokes,6.0,6.0,6.0
HAM Shah,5.3,5.3,5.3
OD Hald,6.8,6.8,6.8
J Jojo,6.29,6.29,6.29
B Ward,7.8,7.8,7.8
EJB Miles,7.55,7.55,7.55
DG Blampied,6.79,6.79,6.79
CW Perchard,7.7,7.7,7.7
AW Hawkins-Kay,10.42,10.42,10.42
Hayatullah Niazi,7.89,7.89,7.89
Raza Iqbal,5.33,5.33,5.33
Tafseer Ali,9.0,9.0,9.0
Junaid Sheikh,5.14,5.14,5.14
SA Ahmad,6.56,6.56,6.56
Anique Uddin,8.0,8.0,8.0
TCW Veillard,3.0,3.0,3.0
DR Hooper,8.64,8.64,8.64
W Peatfield,6.17,6.17,6.17
S Arachchige,6.67,6.67,6.67
Rakibul Hasan,8.5,8.5,8.5
GRD Munasinghe,8.09,8.09,8.09
S Waqas Ahmed,7.75,7.75,7.75
BDH Stevens,7.94,7.94,7.94
Asad Mohammad,8.0,8.0,8.0
Bashir Shah,6.0,6.0,6.0
Delawar Khan,8.35,8.35,8.35
Baljit Singh,10.0,10.0,10.0
Jaspreet Singh,6.93,6.93,6.93
Omar Hayat,10.6,10.6,10.6
Vichanath Singh,8.67,8.67,8.67
Z Hoque,7.0,7.0,7.0
M Faheem,8.62,8.62,8.62
C Pengkumta,7.86,7.86,7.86
Umar Adam,7.82,7.82,7.82
MNR Cooray,5.0,5.0,5.0
Mohamed Mahfooz,7.2,7.2,7.2
Ibrahim Hassan,8.38,8.38,8.38
LN Rajbanshi,5.71,5.71,5.71
S Lamichhane,6.3,6.3,6.3
Fitri Sham,8.11,8.11,8.11
Virandeep Singh,6.52,6.52,6.52
Anwar Rahman,8.6,8.6,8.6
S Muniandy,10.18,10.18,10.18
A Bohara,8.15,8.15,8.15
SF Mire,15.9,15.9,15.9
MR Adair,8.71,8.71,8.71
Iqbal Hussain,6.63,6.63,6.63
Nouman Sarwar,11.33,11.33,11.33
Amjad Mahboob,9.75,9.75,9.75
Janak Prakash,9.18,9.18,9.18
Shiraz Khan,7.35,7.35,7.35
Mohammad Ahsan,13.44,13.44,13.44
Ilyas Ahmed,8.22,8.22,8.22
Syed Aziz,8.35,8.35,8.35
Pavandeep Singh,5.56,5.56,5.56
M Syahadat Ramli,4.29,4.29,4.29
A Krishna,9.0,9.0,9.0
Muhammad Kashif,7.76,7.76,7.76
Mohammed Nadeem,7.5,7.5,7.5
Gayan Munaweera,9.56,9.56,9.56
N Pathan,11.5,11.5,11.5
Md Shafiqul Haque,10.0,10.0,10.0
Navdeep Saini,7.78,7.78,7.78
KMA Paul,9.98,9.98,9.98
O Thomas,10.29,10.29,10.29
KH Pandya,9.25,9.25,9.25
PRP Boissevain,10.0,10.0,10.0
Sikander Zulfiqar,11.5,11.5,11.5
Waheed Ahmed,8.23,8.23,8.23
Qadeer Ahmed,11.31,11.31,11.31
VJ Kingma,9.35,9.35,9.35
TS Braat,11.76,11.76,11.76
RP Burl,7.31,7.31,7.31
FJ Klaassen,8.82,8.82,8.82
HR Walsh,8.42,8.42,8.42
CJ Gannon,8.0,8.0,8.0
SN Netravalkar,6.9,6.9,6.9
MO Jones,6.29,6.29,6.29
KS Leverock,7.95,7.95,7.95
JE Pitcher,9.39,9.39,9.39
DMW Rawlins,5.66,5.66,5.66
T Taylor,7.92,7.92,7.92
C Wright,8.37,8.37,8.37
KR Ebanks,9.2,9.2,9.2
N Dutta,7.59,7.59,7.59
D Heyliger,8.78,8.78,8.78
GDR Eranga,6.95,6.95,6.95
NS Dhaliwal,4.62,4.62,4.62
BD Glover,6.63,6.63,6.63
TK Patel,4.5,4.5,4.5
Aaron Jones,7.89,7.89,7.89
NK Patel,8.52,8.52,8.52
OGL Bascome,4.32,4.32,4.32
RJ Trott,7.29,7.29,7.29
GH O'Brien,11.2,11.2,11.2
P Manning,10.57,10.57,10.57
K Gore,3.0,3.0,3.0
Jasdeep Singh,8.76,8.76,8.76
Saad Bin Zafar,6.59,6.59,6.59
DC Stovell,9.23,9.23,9.23
AC Douglas,4.53,4.53,4.53
AF Ifill,7.96,7.96,7.96
Abdul-Shakoor Rahimzei,10.24,10.24,10.24
RG Mukasa,8.5,8.5,8.5
B Masaba,4.47,4.47,4.47
C Waiswa,11.51,11.51,11.51
DM Nakrani,6.78,6.78,6.78
JK Vifah,6.57,6.57,6.57
IKO Aboagye,7.0,7.0,7.0
G Bakiweyem,7.69,7.69,7.69
DNA Ankrah,12.32,12.32,12.32
V Ateak,11.68,11.68,11.68
SA Okpe,6.9,6.9,6.9
CM Akachukwu,8.46,8.46,8.46
IO Okpe,7.19,7.19,7.19
Mohameed Taiwo,7.17,7.17,7.17
Riazat Ali Shah,8.57,8.57,8.57
LN Oluoch,8.73,8.73,8.73
SHA Rance,9.8,9.8,9.8
PWH de Silva,7.49,7.49,7.49
SC Kuggeleijn,8.3,8.3,8.3
PADLR Sandakan,4.19,4.19,4.19
C Viljoen,7.27,7.27,7.27
MG Erasmus,7.09,7.09,7.09
S Snater,8.67,8.67,8.67
C Floyd,17.0,17.0,17.0
A Neill,8.21,8.21,8.21
Washington Sundar,6.28,6.28,6.28
DL Chahar,9.0,9.0,9.0
BC Fortuin,7.0,7.0,7.0
SR Thompson,9.33,9.33,9.33
GJ Delany,7.67,7.67,7.67
DC Delany,8.21,8.21,8.21
Kushal Malla,9.05,9.05,9.05
S Bhari,9.0,9.0,9.0
U Aryaman Sunil,9.54,9.54,9.54
R Ngarava,8.08,8.08,8.08
Sidhant Singh,5.2,5.2,5.2
Nazril Rahman,14.0,14.0,14.0
Muhammad Wafiq,9.56,9.56,9.56
N Nipiko,7.04,7.04,7.04
PK Matautaava,7.89,7.89,7.89
D Jakiel,7.6,7.6,7.6
TH David,12.44,12.44,12.44
S Vijayakumar,9.5,9.5,9.5
Syazrul Idrus,8.82,8.82,8.82
SH Obed,8.0,8.0,8.0
A Mansale,6.94,6.94,6.94
J Rasu,7.89,7.89,7.89
AL Stephen,6.96,6.96,6.96
Mohammad Hasnain,10.62,10.62,10.62
N Pradeep,9.71,9.71,9.71
Faheem Ashraf,9.53,9.53,9.53
KD Shah,11.14,11.14,11.14
Haroon Arshad,9.64,9.64,9.64
K Christie,9.62,9.62,9.62
Raag Kapur,10.0,10.0,10.0
Nasrulla Rana,8.62,8.62,8.62
SC Getkate,11.0,11.0,11.0
CBRLS Kumara,10.94,10.94,10.94
TB Sole,9.33,9.33,9.33
Waqas Barkat,7.9,7.9,7.9
Fayyaz Butt,8.85,8.85,8.85
Junaid Siddique,8.64,8.64,8.64
CJA Amini,6.5,6.5,6.5
N Pokana,8.73,8.73,8.73
VD Adewoye,8.54,8.54,8.54
JO Adedeji,10.0,10.0,10.0
R Hekure,8.42,8.42,8.42
J Sumerauer,8.77,8.77,8.77
Aamir Kaleem,8.88,8.88,8.88
RR Patel,7.92,7.92,7.92
CN Ackermann,8.67,8.67,8.67
V Baskaran,8.0,8.0,8.0
Atif Mehmood,6.0,6.0,6.0
Yasir Ali,6.06,6.06,6.06
Tariq Aziz,4.62,4.62,4.62
Ali Naqi,6.46,6.46,6.46
Fakhrul Mohon,5.67,5.67,5.67
RJ Hatchman,15.49,15.49,15.49
E Packard,11.54,11.54,11.54
J Perman,6.0,6.0,6.0
Najjam Shahzad,7.37,7.37,7.37
Zohaib Sarwar,8.63,8.63,8.63
Zulqarnain Haider,4.42,4.42,4.42
Tauqeer Hussain,5.45,5.45,5.45
SR Bhudia,5.57,5.57,5.57
D Ravu,9.37,9.37,9.37
TC Vine,12.39,12.39,12.39
MD Garratt,10.0,10.0,10.0
Zawar Farid,8.89,8.89,8.89
JC Archer,8.44,8.44,8.44
Shaheen Shah Afridi,8.33,8.33,8.33
CG Williams,7.06,7.06,7.06
Mehran Khan,6.55,6.55,6.55
AC Agar,6.44,6.44,6.44
PR Brown,8.33,8.33,8.33
Afif Hossain,9.55,9.55,9.55
KK Ahmed,9.7,9.7,9.7
S Dube,8.73,8.73,8.73
Simi Singh,7.42,7.42,7.42
SM Curran,9.55,9.55,9.55
S Mahmood,10.19,10.19,10.19
DJ Mitchell,11.11,11.11,11.11
BM Tickner,11.22,11.22,11.22
B Stanlake,7.23,7.23,7.23
T Jamtsho,9.52,9.52,9.52
T Singye,12.5,12.5,12.5
Rashid Khan,13.15,13.15,13.15
L Shafeeg,10.12,10.12,10.12
Ibrahim Rizan,7.04,7.04,7.04
P Sarraf,8.0,8.0,8.0
L Sipamla,13.35,13.35,13.35
T Shamsi,7.75,7.75,7.75
DM de Silva,8.16,8.16,8.16
J Hill,9.0,9.0,9.0
Surinder Singh,12.0,12.0,12.0
DC Smith,9.55,9.55,9.55
J Long,12.0,12.0,12.0
R Mahajan,7.5,7.5,7.5
Sultan Ahmed,9.0,9.0,9.0
JL Denly,11.5,11.5,11.5
OC McCoy,9.92,9.92,9.92
DJM Short,11.0,11.0,11.0
S Kaul,12.0,12.0,12.0
SN Thakur,8.43,8.43,8.43
CJ Dala,13.68,13.68,13.68
K Pierre,9.19,9.19,9.19
BJ McCarthy,9.67,9.67,9.67
R Shepherd,10.34,10.34,10.34
SE Rutherford,8.0,8.0,8.0
Haris Rauf,8.48,8.48,8.48
HK Bennett,9.04,9.04,9.04
L Ngidi,9.38,9.38,9.38
Khizar Hayat,7.38,7.38,7.38
A Nortje,8.08,8.08,8.08
Mohsin Khan,8.4,8.4,8.4
D Mogan,18.5,18.5,18.5
Sufyan Mehmood,9.53,9.53,9.53
Abdul Waheed,5.06,5.06,5.06
Abdul Wahid,6.57,6.57,6.57
D Pretorius,8.62,8.62,8.62
Aftab Hussain,12.46,12.46,12.46
Sarfaraz Ali,7.48,7.48,7.48
Anasim Khan,8.21,8.21,8.21
Imran Anwar,8.71,8.71,8.71
Sayed Monib,8.31,8.31,8.31
N Senamontree,7.77,7.77,7.77
AAhan Achar,5.33,5.33,5.33
R Powell,10.7,10.7,10.7
Kuldeep Lal,8.75,8.75,8.75
Raja Adeel,7.77,7.77,7.77
H Singh,12.95,12.95,12.95
SVE Bharathi,4.08,4.08,4.08
D Klein,6.12,6.12,6.12
Hasan Mahmud,8.15,8.15,8.15
UT Yadav,9.43,9.43,9.43
Amir Hayat,9.0,9.0,9.0
Imran Haider,7.0,7.0,7.0
PKD Chase,9.43,9.43,9.43
Jay Odedra,12.0,12.0,12.0
FA Allen,8.12,8.12,8.12
MP Stoinis,9.0,9.0,9.0
C Munro,11.62,11.62,11.62
RR Emrit,12.72,12.72,12.72
JT Ball,15.86,15.86,15.86
Hamza Tahir,12.6,12.6,12.6
Hussain Talat,9.31,9.31,9.31
Abu Jayed,12.46,12.46,12.46
MD Gunathilaka,7.29,7.29,7.29
V Shankar,11.54,11.54,11.54
Nazmul Islam,4.5,4.5,4.5
Mehedi Hasan Miraz,6.63,6.63,6.63
Mohammed Siraj,8.73,8.73,8.73
OF Smith,9.05,9.05,9.05
R Frylinck,6.46,6.46,6.46
SG Whittingham,7.5,7.5,7.5
B Muzarabani,8.29,8.29,8.29
LT Bichard,7.9,7.9,7.9
M Breban,6.46,6.46,6.46
S Kushretha,9.87,9.87,9.87
WJ Cope,7.26,7.26,7.26
P Malav,10.42,10.42,10.42
V Vijh,9.38,9.38,9.38
M Cope,7.64,7.64,7.64
Murid Ekrami,12.0,12.0,12.0
Saber Zakhil,6.28,6.28,6.28
Khalid Ahmadi,6.38,6.38,6.38
Ashiqullah Said,6.15,6.15,6.15
S Rengarajan,11.5,11.5,11.5
A Ashokan,9.81,9.81,9.81
K Gilham,8.33,8.33,8.33
S Wickramasekara,7.78,7.78,7.78
Sazzad Hosen,11.0,11.0,11.0
V Saini,6.75,6.75,6.75
Aftab Kayani,9.47,9.47,9.47
Sami Ullah,7.23,7.23,7.23
Asif Bevinje,7.2,7.2,7.2
Asad Ali Rehemtulla,8.94,8.94,8.94
P Mishra,10.14,10.14,10.14
Sulaiman Ali,6.67,6.67,6.67
M Faraz Akram,13.5,13.5,13.5
T Natarajan,8.92,8.92,8.92
DR Sams,12.86,12.86,12.86
JA Duffy,8.31,8.31,8.31
KA Jamieson,9.61,9.61,9.61
Iftikhar Ahmed,12.3,12.3,12.3
Mahedi Hasan,10.43,10.43,10.43
Shoriful Islam,9.7,9.7,9.7
B Shikongo,7.92,7.92,7.92
JN Loftie-Eaton,6.94,6.94,6.94
K Waiswa,7.11,7.11,7.11
C Kyewuta,7.94,7.94,7.94
T Bukenya,11.5,11.5,11.5
LB Williams,9.89,9.89,9.89
SSB Magala,9.6,9.6,9.6
A Dutt,8.03,8.03,8.03
BFW de Leede,8.09,8.09,8.09
Arshad Iqbal,7.0,7.0,7.0
KS Airee,7.3,7.3,7.3
Naveed Ahmed,10.8,10.8,10.8
SMK Waththage,5.62,5.62,5.62
Ali Waqar,8.53,8.53,8.53
M Dixit,10.24,10.24,10.24
Jaweed Sadran,9.58,9.58,9.58
Aqib Iqbal,8.3,8.3,8.3
Atif Kamal,5.17,5.17,5.17
Sahel Zadran,7.85,7.85,7.85
I Asif,6.22,6.22,6.22
S Davizi,7.92,7.92,7.92
S Vashisht,8.1,8.1,8.1
P Florin,5.08,5.08,5.08
Ijaz Hussain,7.88,7.88,7.88
Taranjeet Singh,6.49,6.49,6.49
N Zimonjic,8.4,8.4,8.4
WAE Burton,6.65,6.65,6.65
V Zimonjic,8.82,8.82,8.82
M Sarenac,7.83,7.83,7.83
Waqar Abbasi,3.5,3.5,3.5
PWA Mulder,10.14,10.14,10.14
Bilal Muhammad,7.5,7.5,7.5
Washeem Abbas,8.83,8.83,8.83
VP Thamotharam,7.36,7.36,7.36
A Bishnoi,10.38,10.38,10.38
B Niaz,10.71,10.71,10.71
JP Behrendorff,9.75,9.75,9.75
RP Meredith,15.0,15.0,15.0
C Karunaratne,10.63,10.63,10.63
CV Varun,6.53,6.53,6.53
Nasum Ahmed,7.54,7.54,7.54
K Nestor,11.29,11.29,11.29
CV Harrison,7.88,7.88,7.88
JA Fitzgerald,12.65,12.65,12.65
P Vekaria,6.62,6.62,6.62
C Rububagumya,7.89,7.89,7.89
Z Bimenyimana,9.0,9.0,9.0
CJ Delany,13.29,13.29,13.29
A Orfila,14.0,14.0,14.0
J Shaju,6.41,6.41,6.41
R Ravindra,7.0,7.0,7.0
AY Patel,3.0,3.0,3.0
DA Blignaut,7.21,7.21,7.21
Nooruddin Mujadady,18.0,18.0,18.0
P Aho,6.37,6.37,6.37
P Useni,7.66,7.66,7.66
H Ssenyondo,6.06,6.06,6.06
F Akankwasa,2.73,2.73,2.73
D Muhumuza,7.88,7.88,7.88
AK Markram,7.2,7.2,7.2
KA Maharaj,7.4,7.4,7.4
RA Abolarin,8.78,8.78,8.78
Vraj Patel,6.79,6.79,6.79
P Koech,8.48,8.48,8.48
DS Wesonga,9.5,9.5,9.5
EB Ringera,8.74,8.74,8.74
Bilal Hassun,8.31,8.31,8.31
E Ochieng,11.08,11.08,11.08
Tejwinder Singh,6.45,6.45,6.45
Yasir Mehmood,5.19,5.19,5.19
Qasim Anwar,6.0,6.0,6.0
Habib Khan,6.35,6.35,6.35
K Vislapuu,8.08,8.08,8.08
Ali Masood,9.82,9.82,9.82
B White,6.36,6.36,6.36
SM Sharma,13.0,13.0,13.0
Basil Hameed,7.33,7.33,7.33
R Trumpelmann,9.46,9.46,9.46
CN Greaves,8.97,8.97,8.97
Kashif Daud,8.92,8.92,8.92
C Campher,8.53,8.53,8.53
GP Meade,8.43,8.43,8.43
G Stewart,6.58,6.58,6.58
S Thanikaithasan,8.73,8.73,8.73
SK Awiah,6.1,6.1,6.1
OH Agbomadzie,6.36,6.36,6.36
Muslim Yar,6.1,6.1,6.1
Sami Sohail,7.66,7.66,7.66
M Mwamadi,5.2,5.2,5.2
GK Berg,7.94,7.94,7.94
Sahir Naqash,8.08,8.08,8.08
Aziz Sualley,3.5,3.5,3.5
D Kalvin,9.67,9.67,9.67
M Jele,6.64,6.64,6.64
RJG Palmer,8.71,8.71,8.71
D Birrell,7.57,7.57,7.57
Surya Anand,9.48,9.48,9.48
KS Bagabena,8.4,8.4,8.4
DK Anefie,7.52,7.52,7.52
R Bakum,7.45,7.45,7.45
Amar Sharma,7.82,7.82,7.82
Arjun Vinod,9.0,9.0,9.0
Ali Nayyer,9.28,9.28,9.28
Osama Mahmood,8.12,8.12,8.12
SKDT Madusanka,12.39,12.39,12.39
SR Rocket,10.47,10.47,10.47
HL Harji,11.7,11.7,11.7
R Agamiire,2.31,2.31,2.31
V Mitari,5.65,5.65,5.65
K Irakoze,10.18,10.18,10.18
M Kpaka,8.0,8.0,8.0
ED Silva,7.42,7.42,7.42
Nawaf Ahmed,5.18,5.18,5.18
S Veerapathiran,11.27,11.27,11.27
Adnan Idrees,9.95,9.95,9.95
MNM Aslam,7.54,7.54,7.54
G Sesay,5.95,5.95,5.95
Zahid Khan,8.0,8.0,8.0
S Conteh,7.05,7.05,7.05
D Maisuria,5.87,5.87,5.87
R Nehonde,9.53,9.53,9.53
K Motlanka,6.71,6.71,6.71
S Thakor,6.77,6.77,6.77
AM Kimote,8.5,8.5,8.5
HA Chohan,7.46,7.46,7.46
RL Chase,7.8,7.8,7.8
C Bah,9.91,9.91,9.91
LS Livingstone,9.17,9.17,9.17
J Matharu,8.04,8.04,8.04
RK Kiseto,5.0,5.0,5.0
HV Patel,10.63,10.63,10.63
Yasir Mohammad,9.43,9.43,9.43
Ali Khan,9.58,9.58,9.58
AJ Hosein,7.54,7.54,7.54
M Theekshana,8.21,8.21,8.21
N Thushara,10.13,10.13,10.13
DS Airee,7.93,7.93,7.93
Mohammad Wasim,8.45,8.45,8.45
T Zotos,6.0,6.0,6.0
Aslam Mohammad,8.67,8.67,8.67
AS Mehmi,9.36,9.36,9.36
GC Galanis,5.5,5.5,5.5
S Gasteratos,6.0,6.0,6.0
Sheraz Sheikh,10.69,10.69,10.69
NT Ellis,7.74,7.74,7.74
Noman Amjad,8.48,8.48,8.48
Usman Khan,7.33,7.33,7.33
Rahmatullah Mangal,6.86,6.86,6.86
P Bhart,8.33,8.33,8.33
Bilal Safdar,5.75,5.75,5.75
Vinay Ravi,7.89,7.89,7.89
Sajid Liaqat,8.96,8.96,8.96
MK Anafie,10.33,10.33,10.33
Amoluk Singh,10.11,10.11,10.11
M Akayezu,7.85,7.85,7.85
MB Tambe,9.35,9.35,9.35
Raaz Mohammad,7.7,7.7,7.7
Hassan Mehmood,11.04,11.04,11.04
A Venkatesh,9.66,9.66,9.66
Khalid Zahid,8.72,8.72,8.72
PF Gallagher,4.56,4.56,4.56
Naveed Shahid,7.5,7.5,7.5
Qudratullah Mir Afzail,10.91,10.91,10.91
L Karlsson,7.75,7.75,7.75
A Pusthay,8.0,8.0,8.0
GT Main,11.04,11.04,11.04
KV Morea,9.84,9.84,9.84
HN Ya France,5.75,5.75,5.75
Gurdeep Singh,4.0,4.0,4.0
V Ganesan,5.78,5.78,5.78
PD Hennessy,7.5,7.5,7.5
D Nikolov,12.63,12.63,12.63
J Albin,12.65,12.65,12.65
M Kadyan,8.04,8.04,8.04
H Lakov,9.53,9.53,9.53
KD Mehta,6.0,6.0,6.0
Ali Yalmaz,9.21,9.21,9.21
Zeeshan Kukikhel,9.0,9.0,9.0
AG Weligamage,12.75,12.75,12.75
B George,11.04,11.04,11.04
HV Mandhyan,7.25,7.25,7.25
A Kheterpal,8.85,8.85,8.85
A Dhingra,9.12,9.12,9.12
B Arora,12.0,12.0,12.0
A Nanda,11.16,11.16,11.16
VR Iyer,9.79,9.79,9.79
Gurpratap Singh,5.52,5.52,5.52
J Butler,6.75,6.75,6.75
MJ Ansell,5.24,5.24,5.24
CJ Langford,6.83,6.83,6.83
JA Burrows,6.94,6.94,6.94
Waqar Ali,4.62,4.62,4.62
T Filer,6.0,6.0,6.0
CPPM Sadun,7.11,7.11,7.11
KP Meiyappan,8.12,8.12,8.12
Akif Raja,6.0,6.0,6.0
Waseem Muhammad,12.95,12.95,12.95
L Bruce,8.81,8.81,8.81
BA Pai,9.83,9.83,9.83
B Kalki Kumar,7.38,7.38,7.38
A Andrews,6.5,6.5,6.5
Ashwin Vinod,7.75,7.75,7.75
NK Aneesh Kumar,8.57,8.57,8.57
Bilal Aftab,7.0,7.0,7.0
Ghulam Ahmadi,7.29,7.29,7.29
N Krishna,15.16,15.16,15.16
D Kansonkho,6.96,6.96,6.96
AB Mengoumou,10.8,10.8,10.8
M Fru,12.5,12.5,12.5
DB Loic,7.5,7.5,7.5
BN Toube,7.4,7.4,7.4
E Ernest,8.77,8.77,8.77
S Tarawally,7.25,7.25,7.25
SF Nhavotso,7.71,7.71,7.71
JJ Huo,8.22,8.22,8.22
J Bulele,8.88,8.88,8.88
FA Cossa,7.94,7.94,7.94
A Rangaswamy,5.0,5.0,5.0
B Khumalo,10.8,10.8,10.8
JB Abega,11.56,11.56,11.56
K Nassoro,6.99,6.99,6.99
Jitin Singh,10.0,10.0,10.0
JC Darji,8.5,8.5,8.5
A Gbla,7.89,7.89,7.89
L Lamin,10.5,10.5,10.5
Ishtiaq Ahmad,7.57,7.57,7.57
Waseeq Ahmed,10.06,10.06,10.06
KJ Young,10.5,10.5,10.5
Garret Banner,6.33,6.33,6.33
BS Stephenson,10.85,10.85,10.85
TW Samuels,12.0,12.0,12.0
C Pervez,8.5,8.5,8.5
D Ahir,10.0,10.0,10.0
N Ahir,12.69,12.69,12.69
KB Ahir,10.5,10.5,10.5
Abdullah Jasat,8.59,8.59,8.59
NN Banner,9.12,9.12,9.12
AA Banner,8.5,8.5,8.5
A Husain,5.54,5.54,5.54
LA Musiani,5.0,5.0,5.0
Irfan Hafejee,5.75,5.75,5.75
Salman Nazar,4.42,4.42,4.42
SA Jumbe,8.42,8.42,8.42
Ravi Bishnoi,8.19,8.19,8.19
Huzaifa Mohammed,7.25,7.25,7.25
HER Tyler,11.92,11.92,11.92
M Podosky,9.5,9.5,9.5
Kaleem Sana,6.6,6.6,6.6
Haider Butt,6.92,6.92,6.92
Junaid Aziz,7.12,7.12,7.12
DC Drakes,11.36,11.36,11.36
Avesh Khan,10.78,10.78,10.78
DJ Hooda,3.67,3.67,3.67
G Chohan,11.28,11.28,11.28
Gulsan Jha,6.0,6.0,6.0
Shahid Mahmood,17.5,17.5,17.5
AR McBrine,9.33,9.33,9.33
Sikder Billah,4.64,4.64,4.64
H Thaker,6.04,6.04,6.04
S Dhakal,10.26,10.26,10.26
BJ Dwarshuis,9.45,9.45,9.45
DO Leicher,4.5,4.5,4.5
MWR Stokes,8.28,8.28,8.28
Ahmadullah Shinwari,6.98,6.98,6.98
Wahidullah Sahak,8.96,8.96,8.96
LA Burns,5.89,5.89,5.89
Mohammad Asaduzzaman,6.92,6.92,6.92
Amjad Sher,9.31,9.31,9.31
Abdullah Mahmood,4.65,4.65,4.65
SA Mohandas,9.24,9.24,9.24
Jaison Jerome,11.81,11.81,11.81
M Whelan,11.37,11.37,11.37
S Bodha,10.07,10.07,10.07
R Cunningham,12.0,12.0,12.0
Sazib Bhuiyan,8.32,8.32,8.32
SJ Patel,6.55,6.55,6.55
Ritik Tomar,8.18,8.18,8.18
Omar Rassol,11.4,11.4,11.4
BP Adapaka,7.29,7.29,7.29
S Sengupta,8.43,8.43,8.43
DV Varghese,8.65,8.65,8.65
M Gouws,9.65,9.65,9.65
R Kumar,10.0,10.0,10.0
C Zavoiu,7.42,7.42,7.42
M Gherasim,6.26,6.26,6.26
Ahsan Khan,10.75,10.75,10.75
Khaibar Deldar,7.93,7.93,7.93
W Madhevere,5.08,5.08,5.08
KIC Asalanka,5.73,5.73,5.73
Shahil Momin,7.85,7.85,7.85
H Fennell,8.27,8.27,8.27
T Rossi,8.9,8.9,8.9
J Jagroo,6.5,6.5,6.5
RP Mitchell,11.06,11.06,11.06
MS Graham,8.0,8.0,8.0
B Dugic,15.0,15.0,15.0
NR Johns-Wickberg,7.42,7.42,7.42
Umran Malik,11.27,11.27,11.27
Ahmad Khalid Ahmadzai,7.43,7.43,7.43
Aziz Mohammad,7.94,7.94,7.94
Shagharai Sefat,4.5,4.5,4.5
Mohammad Kamran,6.88,6.88,6.88
Sajad Ahmadzai,8.06,8.06,8.06
Yair Nagavkar,8.53,8.53,8.53
J Evans,6.55,6.55,6.55
Niv Nagavkar,8.91,8.91,8.91
Imran Ameer,7.38,7.38,7.38
IDM Latin,10.17,10.17,10.17
ND Laegsgaard,6.3,6.3,6.3
SI Kamea,8.63,8.63,8.63
NA Karnik,12.6,12.6,12.6
Azyan Farhath,6.7,6.7,6.7
Ahmed Hassan,6.5,6.5,6.5
Ngawang Thinley,8.21,8.21,8.21
J Singye,7.23,7.23,7.23
Namgay Thinley,7.33,7.33,7.33
S Pradhan,7.48,7.48,7.48
Arshdeep Singh,9.1,9.1,9.1
RJ Gleeson,11.67,11.67,11.67
Itibarshah Deedar,9.0,9.0,9.0
SKS Gill,7.89,7.89,7.89
G Venkateswaran,10.71,10.71,10.71
TK Lal,7.85,7.85,7.85
SL Clephane,10.59,10.59,10.59
Abdullah Akbarjan,6.65,6.65,6.65
Umair Tariq,7.5,7.5,7.5
K Cawte,9.05,9.05,9.05
M Ozturk,7.91,7.91,7.91
A Turkmen,8.52,8.52,8.52
GG Alta,9.88,9.88,9.88
M Koli,8.75,8.75,8.75
Ameel Mauroof,10.0,10.0,10.0
S Desungnoen,7.38,7.38,7.38
K Senamontree,6.72,6.72,6.72
T Yotharat,5.08,5.08,5.08
T Wangchuk,8.21,8.21,8.21
A Mene-Ejegi,8.67,8.67,8.67
MV Pavlovic,8.46,8.46,8.46
AA Gajic,7.29,7.29,7.29
Tarun Yadav,5.74,5.74,5.74
KC D'Souza,6.0,6.0,6.0
HJ Manenti,6.63,6.63,6.63
Bashar Khan,4.39,4.39,4.39
G Fatouros,7.66,7.66,7.66
Alexandros Karvelas,9.24,9.24,9.24
SD Valjalo,10.25,10.25,10.25
JD Newton,3.12,3.12,3.12
B Jerkovic,12.33,12.33,12.33
TJG Pringle,8.73,8.73,8.73
F Nsubuga,7.4,7.4,7.4
M Jenkinson,7.0,7.0,7.0
JM Vujinovich,9.79,9.79,9.79
Ali Hasan,5.68,5.68,5.68
S Tosic,11.76,11.76,11.76
Muhammad Shoaib Ahmed,8.84,8.84,8.84
NK Tiwari,11.29,11.29,11.29
CJPF Kalugamage,2.0,2.0,2.0
A Martel,5.68,5.68,5.68
R Mangal,5.72,5.72,5.72
Zain Ahmad,8.08,8.08,8.08
Ibrahim Jabarkhel,3.5,3.5,3.5
Taher Muhammad,14.0,14.0,14.0
Muhammad Siddiqui,9.67,9.67,9.67
S Koppolu,9.71,9.71,9.71
Ayyaz Qureshi,10.0,10.0,10.0
Faheem Nazir,8.78,8.78,8.78
G Mckeon,7.1,7.1,7.1
MMR Obili,11.5,11.5,11.5
K Fletcher,6.38,6.38,6.38
Awais Ikram,12.82,12.82,12.82
BV Sears,9.03,9.03,9.03
AS Joseph,8.47,8.47,8.47
Abul Farhad,8.63,8.63,8.63
DK Pallekonda,10.55,10.55,10.55
TL Chivanga,7.2,7.2,7.2
Jai Sinh,8.2,8.2,8.2
VM Nyauchi,8.0,8.0,8.0
B Evans,10.19,10.19,10.19
Sachin Kumar,10.11,10.11,10.11
Mohamed Shafeeq,8.22,8.22,8.22
AM Fernando,12.39,12.39,12.39
D Madushanka,10.1,10.1,10.1
Ebadat Hossain,10.09,10.09,10.09
D Wotu,8.59,8.59,8.59
RSK Samson,7.0,7.0,7.0
S Sola,11.41,11.41,11.41
T Ritawa,9.68,9.68,9.68
W Kokaua,9.66,9.66,9.66
SM Tupou,7.03,7.03,7.03
P Cabebula,7.03,7.03,7.03
SF Tiai,8.58,8.58,8.58
CK Jasmat,8.37,8.37,8.37
AJ Michael,10.2,10.2,10.2
L Denny,10.29,10.29,10.29
DP Michael,11.2,11.2,11.2
TS Waqavakatoga,4.8,4.8,4.8
W Nalisa,8.9,8.9,8.9
Obed Yosef,8.0,8.0,8.0
AR Ramjani,5.03,5.03,5.03
J Miyaji,5.48,5.48,5.48
I Master,10.15,10.15,10.15
V Balakrishnan,6.0,6.0,6.0
D Finau,10.42,10.42,10.42
F Damiao Couana,15.0,15.0,15.0
Z Abbasi,3.84,3.84,3.84
T Tshose,10.38,10.38,10.38
C Green,9.72,9.72,9.72
MA Baig,6.15,6.15,6.15
Akhil Anil,10.08,10.08,10.08
YM Nkanya,7.05,7.05,7.05
IKEG Artawan,7.58,7.58,7.58
DJ Hawoe,7.46,7.46,7.46
S Ravichandran,5.54,5.54,5.54
I Takahashi,6.43,6.43,6.43
PM Liyanagamage,10.0,10.0,10.0
P Kumbhare,6.37,6.37,6.37
K Kubota,6.49,6.49,6.49
R Sakurano-Thomas,9.65,9.65,9.65
IK Gamantika,5.03,5.03,5.03
W Behr,8.33,8.33,8.33
J Broad,8.14,8.14,8.14
M Campopiano,4.5,4.5,4.5
DKD Warnakulasuriya,10.25,10.25,10.25
Hamza Dar,9.93,9.93,9.93
S Shrivastava,5.29,5.29,5.29
Ayan Khan,6.96,6.96,6.96
Pargat Singh,11.54,11.54,11.54
Ammar Khalid,7.58,7.58,7.58
Rizwan Butt,7.18,7.18,7.18
Atif-Ur-Rehman,5.18,5.18,5.18
Muhammad Saqib,14.25,14.25,14.25
Hisham Sheikh,5.4,5.4,5.4
Rafiullah,11.25,11.25,11.25
Sandeep Goud,10.62,10.62,10.62
J Henry,7.58,7.58,7.58
A Yon,4.5,4.5,4.5
B Pondani,9.0,9.0,9.0
MS Diawara,7.64,7.64,7.64
SG Diaby,8.86,8.86,8.86
L Sanogo,6.48,6.48,6.48
RN Patel,6.19,6.19,6.19
Usman Najeeb,8.81,8.81,8.81
C Udekwe,5.72,5.72,5.72
R Abdulkareem,6.0,6.0,6.0
A Turay,7.82,7.82,7.82
RGA Amah,8.14,8.14,8.14
R Coker,8.0,8.0,8.0
G Ngegba,3.0,3.0,3.0
JJ Nyambo,6.88,6.88,6.88
AN Toube,5.5,5.5,5.5
RD Atangana,8.5,8.5,8.5
O Touray,15.33,15.33,15.33
Ismaila Tanba,9.75,9.75,9.75
M Jobarteh,12.13,12.13,12.13
R Baaleri,9.6,9.6,9.6
N Ndouteng,17.5,17.5,17.5
E Niyomugabo,7.83,7.83,7.83
J Baguma,5.22,5.22,5.22
I Ntirenganya,6.88,6.88,6.88
M Yunusu Issa,9.14,9.14,9.14
E Sebareme,8.2,8.2,8.2
Shivam Mavi,9.0,9.0,9.0
GI Hume,7.71,7.71,7.71
BG Lister,8.23,8.23,8.23
AAP Rivero,4.99,4.99,4.99
P Arrighi,9.79,9.79,9.79
C Rumistrzewicz,4.39,4.39,4.39
Robiul Khan,8.0,8.0,8.0
S Rossi,9.36,9.36,9.36
RDB Ahir,7.68,7.68,7.68
A Kirschbaum,6.0,6.0,6.0
Z Burgess,5.32,5.32,5.32
A Natubhai Ahir,6.22,6.22,6.22
D Johnson,8.66,8.66,8.66
Bilal Tahir,6.0,6.0,6.0
Shahrukh Quddus,11.49,11.49,11.49
Mohammad Ghazanfar,9.29,9.29,9.29
Abdul Majid Abbasi,5.93,5.93,5.93
M Jansen,9.0,9.0,9.0
RA Reifer,18.0,18.0,18.0
F Hand,6.27,6.27,6.27
HB Shipley,12.77,12.77,12.77
J Horrocks,8.11,8.11,8.11
Syed Maisam Ali,6.64,6.64,6.64
Zaman Khan,12.18,12.18,12.18
Naseem Shah,8.39,8.39,8.39
D Marks,9.0,9.0,9.0
Fanyan Mughal,10.2,10.2,10.2
Saud Munir,6.99,6.99,6.99
Akhil Arjunan,4.38,4.38,4.38
Lucky Ali,6.46,6.46,6.46
Qamar Mushtaque,6.84,6.84,6.84
S Nsubuga,4.32,4.32,4.32
M Mooketsi,10.23,10.23,10.23
Ameer Saiyed,8.74,8.74,8.74
B Kgosiemang,9.1,9.1,9.1
K Piet,8.4,8.4,8.4
Muhammed Turkmen,10.08,10.08,10.08
Ilyas Ataullah,8.64,8.64,8.64
Muhammet Kursat,3.23,3.23,3.23
I Elec,0.92,0.92,0.92
Murat Yilmaz,10.94,10.94,10.94
Mohamed Khan,6.5,6.5,6.5
Abubacarr Kuyateh,9.18,9.18,9.18
Mustapha Suwareh,17.25,17.25,17.25
Andre Jarju,12.0,12.0,12.0
Abdul Bashir,11.52,11.52,11.52
Waqas Ahmad,6.86,6.86,6.86
E Jabarkhel,8.95,8.95,8.95
SM Warnakulasuriya,10.0,10.0,10.0
E Mathew,9.0,9.0,9.0
NA Greenwood,6.23,6.23,6.23
Zahid Zadran,10.05,10.05,10.05
BJ Currie,7.55,7.55,7.55
ASF Sirah,6.81,6.81,6.81
LJ Myott,6.25,6.25,6.25
D Suzuki,8.98,8.98,8.98
J Kariko,7.02,7.02,7.02
BAD Manenti,9.67,9.67,9.67
S di Bartolomeo,2.4,2.4,2.4
MM Siddique,5.28,5.28,5.28
Pyae Phyo Wai,8.32,8.32,8.32
Aung Ko Ko,5.52,5.52,5.52
H Lin Oo,8.91,8.91,8.91
H Lin Aung,7.74,7.74,7.74
Karma Dorji,6.0,6.0,6.0
FN Walsh,12.33,12.33,12.33
S Bau,8.77,8.77,8.77
Chen Zhuo Yue,10.2,10.2,10.2
Ma Qiancheng,8.94,8.94,8.94
Tian Sen Qun,12.0,12.0,12.0
Nyeing Cham Soe,10.62,10.62,10.62
Thuya Aung,8.25,8.25,8.25
Mukesh Kumar,8.09,8.09,8.09
A Maheshwari,14.33,14.33,14.33
M Prasidh Krishna,10.91,10.91,10.91
M Prasanna,12.32,12.32,12.32
R Athapaththu,8.59,8.59,8.59
E Rukiriza,7.43,7.43,7.43
E Kubwimana,10.47,10.47,10.47
Shaik Basha,10.08,10.08,10.08
J Sebanja,9.0,9.0,9.0
L Wood,9.26,9.26,9.26
BA Carse,10.87,10.87,10.87
G Coetzee,9.2,9.2,9.2
SH Johnson,7.3,7.3,7.3
JM Iradukunda,7.64,7.64,7.64
AM Hardie,11.7,11.7,11.7
Ali Dawood,6.3,6.3,6.3
Muhammad Jabir,9.14,9.14,9.14
Muhammad Murad,8.19,8.19,8.19
Yasin Patel,7.33,7.33,7.33
D Jamyansuren,15.0,15.0,15.0
M Altankhuyag,19.41,19.41,19.41
L Erdenebulgan,11.2,11.2,11.2
Muhammad Tanveer,6.91,6.91,6.91
K Mirpuri,14.52,14.52,14.52
Aditya Panwar,9.29,9.29,9.29
D Robson,7.48,7.48,7.48
Arslan Amjad,10.41,10.41,10.41
RK Paudel,6.83,6.83,6.83
Adnan Mirza,11.0,11.0,11.0
Bipin Kumar,10.11,10.11,10.11
Khalander Mustafa,8.1,8.1,8.1
H Rathod,6.13,6.13,6.13
Zain Ul Abidin,6.98,6.98,6.98
Ibrahim Nashath,8.17,8.17,8.17
DS Bajwa,7.6,7.6,7.6
ROC Dunka,10.81,10.81,10.81
D Sabir,5.79,5.79,5.79
DL Brangman,6.29,6.29,6.29
A Morris,11.8,11.8,11.8
KA Bazil,13.5,13.5,13.5
FL Patel,10.89,10.89,10.89
AR Naidoo,22.0,22.0,22.0
A Reyes,6.09,6.09,6.09
Muhammad Nadir,5.85,5.85,5.85
M Aboagye,7.77,7.77,7.77
Syed Aqeel Israr,6.26,6.26,6.26
I Danladi,6.83,6.83,6.83
A Sawyer,9.43,9.43,9.43
I Kamara,2.84,2.84,2.84
Ali Naseer,7.94,7.94,7.94
Muhammad Jawadullah,9.09,9.09,9.09
Shoaib Rafiq,3.25,3.25,3.25
Shashikant Laxman,4.5,4.5,4.5
Pratik Singh Bais,4.89,4.89,4.89
Nilansh Keswani,6.67,6.67,6.67
A Shukla,10.79,10.79,10.79
Aayan Afzal Khan,4.12,4.12,4.12
CT Mumba,9.0,9.0,9.0
Guido Angeletti,6.16,6.16,6.16
H Klazinge,6.39,6.39,6.39
Luis Hermida,8.57,8.57,8.57
C Sakariya,8.73,8.73,8.73
Sher Sahak,7.44,7.44,7.44
Usman Arif,11.68,11.68,11.68
Imran Khan,8.29,8.29,8.29
M Stoman,7.2,7.2,7.2
Dharmendra Manani,6.92,6.92,6.92
Mohammad Nawaz,6.5,6.5,6.5
Shohidul Islam,9.86,9.86,9.86
IG Holland,5.42,5.42,5.42
GT Taylor,8.62,8.62,8.62
TO Carmichael,9.23,9.23,9.23
Shahnawaz Dhani,10.96,10.96,10.96
Fayaz Khan,8.63,8.63,8.63
Muhammad Amir,6.65,6.65,6.65
Mohammad Aadil Alam,6.0,6.0,6.0
K Bhurtel,7.66,7.66,7.66
Walid Ghauri,9.0,9.0,9.0
R Satheesan,9.53,9.53,9.53
Hamid Mahmood,3.45,3.45,3.45
Zaker Taqawi,6.52,6.52,6.52
Azam Khalil,7.94,7.94,7.94
Tasaduq Hussain,7.0,7.0,7.0
Amandeep Singh,9.11,9.11,9.11
Baz Aybui,5.0,5.0,5.0
Ali Abdulla Popalzae,9.0,9.0,9.0
M Shahbaz Butt,3.0,3.0,3.0
Yasim Murtaza,7.8,7.8,7.8
VM Vaghela,1.5,1.5,1.5
Sachin Ganpat Shinde,11.08,11.08,11.08
Aamer Jamal,10.15,10.15,10.15
Basir Ahamad,7.0,7.0,7.0
SDJJ Dima,12.75,12.75,12.75
Gagandeep Singh,8.24,8.24,8.24
Asif Iqbal,10.0,10.0,10.0
Sana Ullah,4.5,4.5,4.5
Alam Nakash,11.5,11.5,11.5
Aamir Lal,5.81,5.81,5.81
Kim Daeyeon,9.5,9.5,9.5
YYM Jakda,7.2,7.2,7.2
Waseem Yaqoob,13.42,13.42,13.42
LM Gabriel,9.6,9.6,9.6
TD Chaoana,10.67,10.67,10.67
ME Leoela,6.67,6.67,6.67
D Polpitiya,5.33,5.33,5.33
Mohammed Alamgir,7.5,7.5,7.5
Muhammed Manga,10.91,10.91,10.91
CB Roposo,6.79,6.79,6.79
Adil Butt,10.22,10.22,10.22
M Magagula,9.18,9.18,9.18
Umair Qasim,7.2,7.2,7.2
H Rashid,13.2,13.2,13.2
AR Patwa,9.0,9.0,9.0
Danish Jasnaik,10.0,10.0,10.0
Ikramullah Khan,8.93,8.93,8.93
Rizwan Haider,9.26,9.26,9.26
Manpreet Singh,10.74,10.74,10.74
Zeeshan Abbas,8.0,8.0,8.0
Shafat Ali Syed,8.3,8.3,8.3
Festus Benn,6.19,6.19,6.19
K Hinds,6.0,6.0,6.0
NH Ekanayake,6.96,6.96,6.96
A Wright,5.04,5.04,5.04
JR Barry,7.42,7.42,7.42
S Vijay Unni,6.64,6.64,6.64
F Stoman,6.49,6.49,6.49
Suman Ghimire,10.15,10.15,10.15
Amir Zaib,14.0,14.0,14.0
Fazil Rahman,6.57,6.57,6.57
Sirajullah Khadim,7.18,7.18,7.18
Shahzeb Choudhry,4.5,4.5,4.5
Abdul Naser Baluch,8.46,8.46,8.46
Atif Rasheed,2.33,2.33,2.33
Prashant Shukla,3.0,3.0,3.0
Vishil Patel,7.1,7.1,7.1
GM Muthui,6.98,6.98,6.98
Adnan Razzaq,12.5,12.5,12.5
A Prashar,5.41,5.41,5.41
Riaz Afridi,10.06,10.06,10.06
Zeerak Chughtai,8.4,8.4,8.4
Huzaif Yousuf,7.33,7.33,7.33
Danyal Raja,13.17,13.17,13.17
Khin Aye,5.23,5.23,5.23
K Namchaikul,1.38,1.38,1.38
Paing Danu,7.83,7.83,7.83
Robert Raina,8.5,8.5,8.5
C Chatphaisan,7.58,7.58,7.58
J Coetzee,5.91,5.91,5.91
N Nuntarach,7.83,7.83,7.83
S Thakur,16.0,16.0,16.0
Abdullah Rana,9.44,9.44,9.44
D Mullen,8.05,8.05,8.05
T Nightingale,6.67,6.67,6.67
Faisal Khan,9.38,9.38,9.38
Aqib Ilyas,10.62,10.62,10.62
Anas Khan,8.7,8.7,8.7
A Mehmood,12.9,12.9,12.9
Ahmed Faiz,6.58,6.58,6.58
Qasim Akram,3.27,3.27,3.27
Rishad Hossain,8.78,8.78,8.78
R Kalimuthu,9.38,9.38,9.38
Shakeel Ahmed,6.67,6.67,6.67
A Chaudhary,10.0,10.0,10.0
Meet Bhavsar,10.74,10.74,10.74
F Banunaek,8.06,8.06,8.06
DK Shetty,8.29,8.29,8.29
Luqman Butt,10.11,10.11,10.11
GC Murtaza,8.06,8.06,8.06
RM Koda,7.17,7.17,7.17
Lakshit Gupta,12.92,12.92,12.92
PR Surve,9.65,9.65,9.65
RR Sharan,9.23,9.23,9.23
GA Priandana,7.04,7.04,7.04
E Beukes,8.77,8.77,8.77
P Sharma,10.29,10.29,10.29
T Sangha,5.54,5.54,5.54
F Mutua,8.27,8.27,8.27
T Gwandu,9.11,9.11,9.11
N Burger,7.48,7.48,7.48
Rehan Ahmed,13.0,13.0,13.0
G Motie,8.07,8.07,8.07
MW Forde,11.39,11.39,11.39
Anjar Tadarus,8.56,8.56,8.56
KDA Lukies,5.53,5.53,5.53
Tanzim Hasan Sakib,9.85,9.85,9.85
Abbas Afridi,8.95,8.95,8.95
S Godara,7.13,7.13,7.13
Luo Shilin,12.33,12.33,12.33
RM Dorji,8.91,8.91,8.91
Mohamed Ishmath,9.79,9.79,9.79
S Banamali,9.47,9.47,9.47
Avi Dixit,4.5,4.5,4.5
Sarawut Maliwan,8.06,8.06,8.06
MK Thakur,6.67,6.67,6.67
Usman Khalid,6.81,6.81,6.81
AR Puri,8.23,8.23,8.23
Nazwan Ismail,12.0,12.0,12.0
M Taniyama,7.3,7.3,7.3
GD Arta,7.44,7.44,7.44
Shahzaib,6.64,6.64,6.64
C Hinze,5.86,5.86,5.86
S Yeshi,6.44,6.44,6.44
Waji Ul Hassan,6.93,6.93,6.93
Utkarsh Jain,7.58,7.58,7.58
AV Lazarus,6.89,6.89,6.89
Dhananjay Rao,7.85,7.85,7.85
K Kato-Stafford,6.67,6.67,6.67
Ateeq Iqbal,5.89,5.89,5.89
W Ngowhuad,9.86,9.86,9.86
R Drake,12.0,12.0,12.0
Pratis GC,7.92,7.92,7.92
Amir Farooq,11.87,11.87,11.87
PD Blignaut,10.33,10.33,10.33
MM Baig,11.31,11.31,11.31
JT Brassell,11.0,11.0,11.0
M Pathirana,9.05,9.05,9.05
SA Engelbrecht,7.0,7.0,7.0
M Levitt,10.0,10.0,10.0
TL Cutler,14.13,14.13,14.13
W Wotu,6.38,6.38,6.38
J Jarvis,10.89,10.89,10.89
Aakash Chand,9.79,9.79,9.79
Parvindar Kumar,6.4,6.4,6.4
Zuhaib Zubair,9.38,9.38,9.38
Omid Shafi Rahman,12.0,12.0,12.0
Joshua Asia,7.14,7.14,7.14
WT Mubayiwa,6.0,6.0,6.0
T Musekiwa,5.56,5.56,5.56
H Pieterse,4.0,4.0,4.0
O Muzondo,1.5,1.5,1.5
SPS Shikongo,5.76,5.76,5.76
Aarnav Patel,3.5,3.5,3.5
J Campbell,3.5,3.5,3.5
K Macheka,5.22,5.22,5.22
SC van Schalkwyk,10.29,10.29,10.29
RR Joshi,8.62,8.62,8.62
U Bhagwan,11.42,11.42,11.42
NP Kenjige,8.85,8.85,8.85
Harmeet Singh,7.62,7.62,7.62
Muhammad Farooq,9.12,9.12,9.12
Nimish Lathief,6.0,6.0,6.0
Musawar Shah,8.71,8.71,8.71
Kamran Khan (2),22.91,22.91,22.91
ZM Tribe,4.64,4.64,4.64
S Murari,2.5,2.5,2.5
S Pillai,7.55,7.55,7.55
D Ganesh,8.88,8.88,8.88
Imran Ahmed Kaneez,3.5,3.5,3.5
Shantanu Kaveri,3.65,3.65,3.65
S Ravikumar,5.71,5.71,5.71
R Ankad,6.95,6.95,6.95
Mohammed Irshad,7.07,7.07,7.07
D Rawat,6.67,6.67,6.67
MG Bracewell,9.53,9.53,9.53
W O'Rourke,8.55,8.55,8.55
ZGF Foulkes,8.8,8.8,8.8
Abrar Ahmed,6.71,6.71,6.71
A Kalasi,5.39,5.39,5.39
Gaurav Tiwari,9.43,9.43,9.43
N Naranbaatar,17.54,17.54,17.54
O Lutbayar,12.16,12.16,12.16
T Tumursukh,8.29,8.29,8.29
Z Shurentsetseg,13.58,13.58,13.58
T Amarmend,13.15,13.15,13.15
M Vivekanandan,11.89,11.89,11.89
S Stanikzay,10.65,10.65,10.65
Kamran Ahmadzai,12.0,12.0,12.0
B Ito-Davis,2.05,2.05,2.05
Zaheer Zahiri,9.6,9.6,9.6
Waqas Ali,9.53,9.53,9.53
F Khaliq,4.54,4.54,4.54
Jaswinder Singh,9.77,9.77,9.77
Zaki Ul Hassan,8.75,8.75,8.75
DT Doram,8.11,8.11,8.11
Isa Zaroo,8.5,8.5,8.5
Muhammad Moiz,7.33,7.33,7.33
M Gogev,9.3,9.3,9.3
OEG Baartman,8.74,8.74,8.74
S Joseph,9.15,9.15,9.15
Milad Momend,8.22,8.22,8.22
TJ Draca,2.89,2.89,2.89
Zain Ali,3.0,3.0,3.0
Abbas Ghani,9.84,9.84,9.84
Sheikh Rasik,6.49,6.49,6.49
JAM Henri,11.03,11.03,11.03
AN Lascu,10.88,10.88,10.88
Waqar Zalmai,8.59,8.59,8.59
G Burrows,4.5,4.5,4.5
Dawood Ahmadzai,9.0,9.0,9.0
Karanbir Singh,8.21,8.21,8.21
Amal Jacob,7.14,7.14,7.14
Kamran Wahid,10.73,10.73,10.73
Virendra Kumar,10.5,10.5,10.5
Ali Hussain,5.68,5.68,5.68
Adnan Gondal,3.5,3.5,3.5
Toqeer Ahmad,9.72,9.72,9.72
S Simpson,5.57,5.57,5.57
NM Salonen,8.79,8.79,8.79
Parveen Kumar,6.18,6.18,6.18
D Abeyrathna,5.1,5.1,5.1
Chaudhary Akram,6.0,6.0,6.0
A Paul,9.83,9.83,9.83
S Gooch,7.7,7.7,7.7
Taranjit Singh,6.89,6.89,6.89
R Siriwardena,21.0,21.0,21.0
MPGT Ketiyage,8.82,8.82,8.82
A Shahi,6.92,6.92,6.92
P Gheewala,13.71,13.71,13.71
R Parkin,9.6,9.6,9.6
S Burdekin,7.6,7.6,7.6
AUKDS Kalugala,7.82,7.82,7.82
Bilal Masud,7.0,7.0,7.0
M Dale-Bradley,6.67,6.67,6.67
C Forshaw,8.42,8.42,8.42
T Britton,3.0,3.0,3.0
A Limdawala,10.0,10.0,10.0
P Nedeljkovic,6.72,6.72,6.72
Muhammad Fahim,10.74,10.74,10.74
M Stanikzai,10.27,10.27,10.27
Saeed Ahmed,12.23,12.23,12.23
AJ Parmar,6.0,6.0,6.0
AM Tribe,4.5,4.5,4.5
J Stanigze,8.03,8.03,8.03
Samiullah Rahmani,7.16,7.16,7.16
JS Kundi,5.0,5.0,5.0
TU Deshpande,10.0,10.0,10.0
Abhishek Sharma,10.67,10.67,10.67
RK Singh,6.0,6.0,6.0
Mohammad Atif,4.08,4.08,4.08
SJ Hughes-Pinan,3.79,3.79,3.79
A Chaubey,11.7,11.7,11.7
J Danikula,12.72,12.72,12.72
H Satheedevi,10.93,10.93,10.93
D Doyle-Calle,3.16,3.16,3.16
MJM Kavana,9.8,9.8,9.8
JL Tutty,7.22,7.22,7.22
HB Dickson,6.96,6.96,6.96
C Dickson,6.5,6.5,6.5
OE Taylor,7.23,7.23,7.23
JQK Moala,7.0,7.0,7.0
P Kotoisuva,7.38,7.38,7.38
S Tabuisulu,12.32,12.32,12.32
D Visser,9.14,9.14,9.14
DE Burgess,6.0,6.0,6.0
PV Vuniwaqa,7.92,7.92,7.92
K Modise,5.5,5.5,5.5
N Master,5.0,5.0,5.0
T Perera,9.77,9.77,9.77
D Kegasitswe,13.0,13.0,13.0
Musaddiq Ahmed,6.93,6.93,6.93
Adil Khan,5.0,5.0,5.0
PE Kruger,10.4,10.4,10.4
KT Maphaka,9.07,9.07,9.07
Sajid Khan Afridi,10.38,10.38,10.38
Harry Johnson,12.0,12.0,12.0
E Karimi,5.0,5.0,5.0
Firas Hussain,8.54,8.54,8.54
A Sokovagone,7.5,7.5,7.5
K Klein,10.35,10.35,10.35
J Drysdale,11.53,11.53,11.53
ZB Lion-Cachet,6.23,6.23,6.23
Vikramjit Singh,9.0,9.0,9.0
Akhil Kumar,10.76,10.76,10.76
Ahmed Aqeel,5.0,5.0,5.0
A Kaul,3.82,3.82,3.82
Azri Azhar,5.57,5.57,5.57
XC Bartlett,7.95,7.95,7.95
Shunan Ali,3.47,3.47,3.47
MW Short,11.62,11.62,11.62
N Peter,7.92,7.92,7.92
E Frimpong,4.0,4.0,4.0
SZ Vayani,4.42,4.42,4.42
M Choamba,5.25,5.25,5.25
K Juma,6.52,6.52,6.52
S Kamate,4.71,4.71,4.71
MP Yadav,5.05,5.05,5.05
Nithish Kumar Reddy,6.0,6.0,6.0
J Tuffin,7.71,7.71,7.71
S Maduranga,7.94,7.94,7.94
Fazil Muhammad,7.64,7.64,7.64
N Tanner,9.48,9.48,9.48
Lee Kangmin,10.62,10.62,10.62
Altaf Gill,9.75,9.75,9.75
Rhys Burinaga,6.46,6.46,6.46
JI de Villiers,11.5,11.5,11.5
AA Paradkar,4.5,4.5,4.5
R Dhakal,9.6,9.6,9.6
SK Springer,9.79,9.79,9.79
N Advani,8.7,8.7,8.7
R Galgalikar,2.5,2.5,2.5
IC Simao,12.4,12.4,12.4
LF Muller,4.5,4.5,4.5
LH Rodrigues,6.28,6.28,6.28
Kawsar Khan,6.97,6.97,6.97
AA Rahayu,2.82,2.82,2.82
A Alexander,5.84,5.84,5.84
Jobayer Hossen,9.1,9.1,9.1
TKP Rajapaksha,13.85,13.85,13.85
S Rukmal,4.56,4.56,4.56
Yves Cyusa,5.84,5.84,5.84
S Gill,8.64,8.64,8.64
AM Rajpurohit,12.0,12.0,12.0
Asim Ashraf,15.5,15.5,15.5
AA Navicha,8.05,8.05,8.05
K Thuchila,6.92,6.92,6.92
DM Gondaria,10.5,10.5,10.5
Asif Ali,6.86,6.86,6.86
J Overton,8.42,8.42,8.42
DR Mousley,12.24,12.24,12.24
DN Wellalage,8.8,8.8,8.8
GD Phillips,3.27,3.27,3.27
A Simelane,12.32,12.32,12.32
Muzahir Raza,12.0,12.0,12.0
KK Lin Thu,5.42,5.42,5.42
T Hinds,10.36,10.36,10.36
Shariz Ahmad,12.0,12.0,12.0
M Chadha,11.03,11.03,11.03
N Salekar,9.38,9.38,9.38
SS Kang,7.15,7.15,7.15
Sohail Ahmed,8.48,8.48,8.48
D Dawa,7.33,7.33,7.33
Mohammed Aslam,3.23,3.23,3.23
Owais Ahmed,6.96,6.96,6.96
M Khojbariya,9.67,9.67,9.67
KMA Aziz,15.23,15.23,15.23
PK Dimitri,11.14,11.14,11.14
MC Alex,9.43,9.43,9.43
LKW Ezechiel,12.0,12.0,12.0
KY Wilfried,15.69,15.69,15.69
B Leo,8.1,8.1,8.1
AR Leo,8.18,8.18,8.18
J Thomas,6.3,6.3,6.3
R Sandeep,11.0,11.0,11.0
Shah Abrar Hussain,9.55,9.55,9.55
NT Gireesh,9.5,9.5,9.5
Sufiyan Muqeem,6.57,6.57,6.57
Jahandad Khan,9.82,9.82,9.82
T Mpatane,10.57,10.57,10.57
RJ Pierre,9.82,9.82,9.82
AR Perez Rivero,6.32,6.32,6.32
Jonte Smith,5.06,5.06,5.06
Chare Smith,4.22,4.22,4.22
GF Linde,4.67,4.67,4.67
D Ferreira,10.15,10.15,10.15
Izaz Ali,9.43,9.43,9.43
Yasar Haroon,5.38,5.38,5.38
R Avery,7.35,7.35,7.35
L Bonner,4.5,4.5,4.5
ML Castillo,6.41,6.41,6.41
K Jaikaran,7.5,7.5,7.5
YP Dayal,6.15,6.15,6.15
G Singh,4.5,4.5,4.5
J Proctor,4.31,4.31,4.31
K Fubler,5.09,5.09,5.09
Rudolph Fox,9.78,9.78,9.78
M Taylor,6.89,6.89,6.89
XSD Smith,7.8,7.8,7.8
AK Gokoel,6.33,6.33,6.33
S Foster,10.5,10.5,10.5
DG Weakley,8.17,8.17,8.17
V Shaw,4.15,4.15,4.15
Y Jasti,7.06,7.06,7.06
B Lewis,1.0,1.0,1.0
PK Mohanarangam,7.0,7.0,7.0
Santiago Duggan,5.08,5.08,5.08
M Badenhorst,10.57,10.57,10.57
Muhammad Asim,8.0,8.0,8.0
MTMMJ Ave,3.6,3.6,3.6
Harshit Rana,10.78,10.78,10.78
Hamid Safi,8.0,8.0,8.0
H Khogiyani,7.33,7.33,7.33
MP Ainsworth,8.08,8.08,8.08
Muhammad Saqlain,7.11,7.11,7.11
Bilal Zalmai,6.92,6.92,6.92
S Sarthak,4.8,4.8,4.8
SP Krishnamurthi,4.67,4.67,4.67
J Ramanandi,7.02,7.02,7.02
Ali Sheikh,6.6,6.6,6.6
PSRK Sudarshan,8.3,8.3,8.3
H Venkataram,6.64,6.64,6.64
R Hashu,7.75,7.75,7.75
U Shantu,6.67,6.67,6.67
NK Yadav,6.93,6.93,6.93
A Chenthamara,7.0,7.0,7.0
M Smith,10.0,10.0,10.0
D Bourne,6.86,6.86,6.86
Ronitkumar Ahir,2.21,2.21,2.21
P Jayeshbhai Patel,5.7,5.7,5.7
Anskumar Ahir,7.09,7.09,7.09
D Panda,6.0,6.0,6.0
J Daley,4.5,4.5,4.5
Davion Codner,8.0,8.0,8.0
R Edwards,6.0,6.0,6.0
Jaskaran Singh,5.8,5.8,5.8
R Smith,7.26,7.26,7.26
B Akhilesh Reddy,8.5,8.5,8.5
Karthik Jayaraj,6.92,6.92,6.92
C Sridev,7.41,7.41,7.41
Aslan Jafri,12.5,12.5,12.5
DPS Tyagi,8.67,8.67,8.67
Shivam Sharma,7.03,7.03,7.03
Imtiaz Khan,12.0,12.0,12.0
P Thongsa,6.86,6.86,6.86
Mehboob Ali,12.67,12.67,12.67
Elias Hasan,16.15,16.15,16.15
P Pushparajan,13.25,13.25,13.25
Abdul Samad,9.33,9.33,9.33
S Sugaya-Slater,10.6,10.6,10.6
Matiullah Khan,12.0,12.0,12.0
Saghir Khan,9.21,9.21,9.21
Nahid Rana,8.31,8.31,8.31
Waqar Khan,13.8,13.8,13.8
Ziaurahman Shinwari,6.44,6.44,6.44
KR Jha,7.58,7.58,7.58
SFS Cheema,7.9,7.9,7.9
Saeed Waqar Ali,10.36,10.36,10.36
Shamim Hossain,10.0,10.0,10.0
Khushdil Shah,9.0,9.0,9.0
Saim Ayub,6.5,6.5,6.5
Sheraz Sirwari,9.0,9.0,9.0
H Deshan,9.33,9.33,9.33
H Khuttan,13.88,13.88,13.88
Natim Hassam,8.5,8.5,8.5
Iftikhar Kankhel,8.8,8.8,8.8
MJ Potts,8.12,8.12,8.12
LA Dawson,10.38,10.38,10.38
Mansoor Shah,11.37,11.37,11.37
Neeraj Mishra,16.71,16.71,16.71
D Ramani,7.7,7.7,7.7
A Gupta,10.8,10.8,10.8
H Carlyon,6.0,6.0,6.0
Syed Ali Gillani,9.6,9.6,9.6
A Dhabe,10.17,10.17,10.17
Ghulam Abbas Butt,9.23,9.23,9.23
Ansh Patel,4.33,4.33,4.33
YS Samra,6.5,6.5,6.5
J Baker,6.9,6.9,6.9
JJ Davidson,4.8,4.8,4.8
Rupesh Singh,11.05,11.05,11.05
BJ McMullen,10.59,10.59,10.59
Muhammad Usman,4.94,4.94,4.94
Ali Nawaz,9.4,9.4,9.4
Kamal Soukhiya,8.4,8.4,8.4
Sareer Shah,11.81,11.81,11.81
Khalid Niazi,9.23,9.23,9.23
A Dhar,6.0,6.0,6.0
Mohammed Qasim,4.42,4.42,4.42
Rafiulah Alokozai,10.5,10.5,10.5
Rameez Khan,7.0,7.0,7.0
C Bosch,7.49,7.49,7.49
A Donovan,10.08,10.08,10.08
Kuldeep Gurjar,11.57,11.57,11.57
DVD Madampage,11.28,11.28,11.28
Bilal Ahmad Mir,9.4,9.4,9.4
K Babu,13.38,13.38,13.38
M Raikes,6.0,6.0,6.0
J Dowling,0.5,0.5,0.5
Muhammad Fahad,7.33,7.33,7.33
J Wilson,9.27,9.27,9.27
V Jatinder Kumar,7.6,7.6,7.6
Arun Yadav,6.92,6.92,6.92
A Augastin,5.14,5.14,5.14
B Balala,14.05,14.05,14.05
C Tchale,10.83,10.83,10.83
MJ Owen,12.0,12.0,12.0
TT Maposa,10.48,10.48,10.48
Salman Mirza,7.26,7.26,7.26
Ahmed Daniyal,8.5,8.5,8.5
Arif Ullah,8.79,8.79,8.79
SM Nash,9.63,9.63,9.63
Kabir Berlia,4.57,4.57,4.57
C Shivakumar,12.0,12.0,12.0
BF Mailata,10.5,10.5,10.5
Paras Singh,9.5,9.5,9.5
Noah Mead,15.5,15.5,15.5
M Musinguzi,10.67,10.67,10.67
Muhammad Rohid,7.67,7.67,7.67
Haider Ali,9.92,9.92,9.92
Saqlain Arshad,5.33,5.33,5.33
DAM Louis,9.58,9.58,9.58
P Kurup,3.0,3.0,3.0
J Blades,8.76,8.76,8.76
AA Jimoh,5.37,5.37,5.37
Ethan D'Souza,2.73,2.73,2.73
S Vats,13.85,13.85,13.85
Zeshan Arif,13.0,13.0,13.0
Zeeshan Ali,5.8,5.8,5.8
C Bevin,13.2,13.2,13.2
A Razmilic,12.17,12.17,12.17
ZXM Vukusic,16.0,16.0,16.0
Adam Senn,6.0,6.0,6.0
Hardeep Singh,8.73,8.73,8.73
S Austin,5.09,5.09,5.09
Lovedeep Singh,5.43,5.43,5.43
Baseer Khan,8.5,8.5,8.5
Aminul Islam Chowdhury,3.23,3.23,3.23
S Jamil,10.17,10.17,10.17
Ajhar Alam,8.7,8.7,8.7
RM Magare,6.72,6.72,6.72
Avishka Iroshan,12.79,12.79,12.79
LI Salomone,8.0,8.0,8.0
Shah Faisal,9.88,9.88,9.88
Hassnain Shah,8.54,8.54,8.54
MJ Humphreys,6.48,6.48,6.48
S Baker,14.0,14.0,14.0
KR Mayers,12.92,12.92,12.92
N Hirani,10.0,10.0,10.0
B Keganne,8.5,8.5,8.5
Zahid Ali,10.58,10.58,10.58
Shariq Munir,8.0,8.0,8.0
Nadeem Khan,7.0,7.0,7.0
Muhammad Arfan,7.0,7.0,7.0
H Kaushik,8.21,8.21,8.21
Wasim Ali,4.5,4.5,4.5
T Sandaruwan,9.67,9.67,9.67
Irfan Safi,9.5,9.5,9.5
JNT Seales,9.19,9.19,9.19
Usman Tariq,6.0,6.0,6.0
S Kharvi,6.0,6.0,6.0
D Nanda,3.0,3.0,3.0
Suhail Sattar,8.84,8.84,8.84
Elias Tilman,8.62,8.62,8.62
Nazmul Huda,6.5,6.5,6.5
S Jegannathan,5.54,5.54,5.54
PPS Win,7.6,7.6,7.6
Shafiq Jan,9.5,9.5,9.5
E Malinga,10.67,10.67,10.67
Asif Shaikh,7.56,7.56,7.56
Asif Javed,5.4,5.4,5.4
P Rathnayake,5.5,5.5,5.5
RV Nascimento,9.0,9.0,9.0
LG Moras,8.31,8.31,8.31
Ian Roberts,4.0,4.0,4.0
Soyeb Pendi,6.87,6.87,6.87
Aslam Bera,9.0,9.0,9.0
O Isiyaku,7.22,7.22,7.22
F Zirahangaje,8.73,8.73,8.73
Javid Patel,7.53,7.53,7.53
Mohamed Turay,8.0,8.0,8.0
Ayaz Dadabhai,5.89,5.89,5.89
AB Kamara,8.5,8.5,8.5
S Williams,12.0,12.0,12.0
Abdullahi Ismail,7.26,7.26,7.26
J Lassayo,7.0,7.0,7.0
JEA Doctora,9.69,9.69,9.69
K Sathish,8.84,8.84,8.84
A Awasthi,16.74,16.74,16.74
D Svilicic,18.5,18.5,18.5
A Beresford-Peirse,6.46,6.46,6.46
Tashi Dorji,2.29,2.29,2.29
Ugyen Dorji,11.0,11.0,11.0
Marcelle Hanekom,7.89,7.89,7.89
DGAPD Wiswi,6.32,6.32,6.32
M Beardman,5.57,5.57,5.57
